id,historical_popularity_index
6217,25.085975178977215
3763,23.8485633008334
4990,22.4278710348424
7714,22.320063271914837
6032,23.691040282317477
9480,23.76650862038503
8052,19.568011006384058
6766,23.508006739537233
4109,24.85013848402153
6958,23.92978712293512
2505,25.05198530826779
7206,23.33015760328353
10198,16.01821395610973
5328,21.70812970265633
399,23.369191509992625
5839,17.193260697747668
8629,16.68633200077693
4265,20.15419958763082
5925,25.680244206502753
7550,24.436289488966107
9893,15.25843960081307
2666,21.54757061620904
3812,27.322548818600342
3760,25.45790082982544
2710,23.987306183404073
7730,24.130299623890828
6615,23.59472219926822
2231,24.06010026920299
11239,25.409429118591728
2488,25.563463434006067
7016,26.772562514844324
9746,18.370764560355322
2574,22.28446532752964
7132,16.88515224048659
5199,19.29655398218327
1183,23.657066638496694
9833,16.245898926267195
6387,23.215726949326246
5786,22.872313077514367
7320,24.335332571420977
490,22.449631435648815
7084,23.8899163015049
1182,25.466781790524518
6565,25.260425564450387
8400,25.806487586741174
2876,22.024055952254315
9639,23.055186719895026
11116,22.5267064607826
69,23.45664625088578
10475,24.17947584974879
3895,22.871626939137137
8542,13.856433325007675
9188,23.59339825976383
9425,17.765076158183057
227,22.38751346878685
9131,23.27449185710743
4331,26.84509312189651
6532,23.34367797891612
6257,23.742921403610552
3206,24.372227422510218
479,24.466410344397335
2010,15.643814829507024
7311,24.100012631592453
7563,21.891389072724884
1393,25.13547650679914
7415,28.043316959574348
1575,25.98505288578373
6190,23.732061630741793
8798,22.921373304230265
3300,23.21186550029251
2559,18.935884566502057
2579,25.00194735694882
9165,21.983767846323154
157,23.84641855459358
2808,25.892701331332525
8660,22.54825450876522
3875,27.35449408304908
1337,19.724652816915487
10036,22.989379986737635
3282,23.18803858613523
2186,19.293058149780723
7091,26.70882373353156
4486,18.9973324148673
3598,22.494742493969326
10997,25.585187173069098
4208,22.51049510803226
6155,23.820447085530155
10291,26.015573475142414
7039,15.452916053978697
8938,23.052284668483566
11042,19.41656146882614
4460,21.87876331234676
3005,22.482752173923767
7158,26.00029754418521
3368,20.733739718003253
7101,25.680107167944612
8638,19.44337880020208
16,22.316951756903574
3203,24.385477102259156
3180,21.878687196868558
8511,22.994521680793675
6916,20.974443565261485
4092,22.148572723504827
543,24.809514211289233
2045,23.43628231799753
11318,16.189309557243586
6694,22.166790116925828
2882,25.314050299332624
5969,22.211018597379084
3063,21.18917891219522
11018,21.120843980426443
9168,25.166819062662753
7620,23.35522624946041
8288,27.026279457512995
1633,25.404091457447468
11036,25.206543122517147
9597,25.543764573424824
2637,22.897843991152612
9900,25.98153362261014
9499,21.902540563268172
10047,25.790767049438088
5704,23.006380717501738
2442,23.929186366418545
274,20.65757780400791
8643,23.384544663961996
10348,24.107364461881687
319,16.89532173085381
3707,15.822925015922081
4793,24.558539697144862
9732,23.231555335379813
920,24.905394674445986
3140,21.28303295833309
2768,23.472586180691223
3538,22.44849419992612
4814,23.931108571107348
8472,23.90547350181925
9876,30.978138040386007
7362,24.432377111515716
11250,24.410746217447066
956,21.89975589736506
202,18.597493120580932
10587,21.6770726247917
9573,24.287670070297157
3001,15.752825312647367
7861,22.571249682951
9385,16.23862111987238
2184,15.70593332671752
10709,23.9241627384076
5367,26.137322750663753
8286,17.50186617934483
10050,22.222143567784443
1796,18.53812846489914
1428,15.052822283981056
10358,24.42294565842426
6090,22.55732393286058
7969,23.56870398032334
8406,24.27172336394085
10685,24.863721865689723
6912,22.544073777171835
8150,18.152843624244657
2896,23.26089876337339
2615,22.535919735008115
7930,21.427202619694853
9815,22.493781318414253
4318,19.679054027195477
10807,26.663456450120503
450,19.248160008066492
9025,20.457801502673743
4961,21.607443578815804
6828,17.096742535931913
10046,25.705675098822017
2404,23.494664858558657
8233,25.952376601114462
2792,23.52955627581002
6809,23.379492529446765
7781,18.971951126769987
10903,24.909526977414842
7561,22.83808973915359
7656,24.856523043418296
2553,22.853249001380792
6327,23.389316438416817
11032,21.131504398591325
5826,22.66931640358778
10014,22.170498473902583
3054,17.64765605081739
11098,18.3531733639766
8498,22.33458107486592
3095,22.690786036622427
6697,23.566645125036963
1355,24.19473680688203
9960,23.582343898093733
4809,24.7396046655559
9274,25.54794001637546
6348,22.647698534467416
9859,16.25981290216575
2029,24.010596630454906
11054,25.144929012287136
9824,22.481252512697043
963,18.09347085862722
8972,26.484907926695737
8801,23.629390820003547
7545,18.760769836359263
7795,20.937454434997836
316,22.946784188514435
8917,22.737660514479284
507,23.331239964506267
9477,16.799748240712134
11058,22.771747753101923
1576,14.296414634948858
9914,25.43162857061675
8128,22.843264620915274
7378,22.750443380551424
1979,23.686619088174194
3922,23.307317749625877
9060,14.120296360357882
6156,16.05368658735608
10735,20.30372172675578
10967,24.29559251586433
8220,22.25611020597476
1793,23.855621109025698
121,23.649467503028028
10381,23.592530721650927
10888,18.0243142277866
4956,20.902056284257075
11312,24.909650552953746
8786,16.113856541743157
8374,22.686488198753963
5226,20.97290550984618
10009,23.80383659417465
4872,26.064120114633493
1196,22.846320784054754
6100,22.93097020780309
3787,24.007353611138893
7515,20.564292006737002
7195,24.00968371618066
7687,15.475695861161135
2041,23.761264107508975
1033,23.17851596792712
6607,21.13876784134145
6160,20.56283763751448
6464,25.291990883779423
11184,24.604403935066827
6014,24.131490174476404
5794,16.10861943348893
4857,27.17786129468976
10143,24.337956033045234
1036,23.48334360575088
612,22.596821726474158
2690,17.739542536620633
10536,21.90198956228663
6548,25.108881142429162
508,22.250865318611627
6655,22.137050977446876
6126,17.36494761612728
5452,21.775920347079968
6490,14.889091019682262
6007,24.873103770218236
11150,24.758291543776338
1195,24.75311584261296
2957,25.72206012926685
743,22.4603022353496
10633,17.931337929904046
51,23.420266802782677
1496,16.926500114648267
10956,18.081818769699666
3967,25.517010088644334
7080,28.575386017779735
2628,15.72548178875658
4235,21.1554525884908
2770,22.89475025581174
11289,23.63297416259914
6269,24.133396735747656
296,17.46210018732747
7950,27.776075799060177
7773,24.604772214780038
5568,25.113234261918603
5615,22.59135222598642
8560,14.803397723083759
6811,18.951712818235094
2839,23.61841102410254
2225,17.33699886819768
7490,27.957512182050166
9683,22.874455733660014
2423,18.55023503523464
3308,25.595054735526446
10254,25.384906587276983
3745,17.910119185812682
5278,21.003175796237368
1230,16.911213628062306
10815,24.804138723144714
3749,22.347347050441382
160,15.918699977462616
2653,25.442835293448347
6298,19.95970724113647
3777,20.28885306593152
10127,26.970742166544923
7591,19.107207025584113
3725,23.80834418514046
8463,24.549631050136213
2560,24.03624065985052
3663,25.563120354374632
3831,22.50929766802641
10962,20.422002325587215
7648,23.36062107766471
706,24.24323741963733
3245,22.370262036385657
4037,25.576692929558234
9894,26.18327286885618
1604,25.65193001173237
421,20.71543084868038
2918,25.955662687659856
4705,23.241362386385344
569,25.06032226149255
8849,19.230541336806354
4846,26.420161588153032
5776,23.95423391470929
4455,24.264867540909986
10258,17.22158001886629
968,23.610474541981386
4790,19.841487464705917
5546,22.456910404924702
592,22.32547686452978
4323,25.98453084795683
4618,17.653711573801075
6879,21.289486310948142
7306,24.768077447145302
6665,17.581703344798242
8633,27.507119397002008
3090,17.98444042203435
7106,21.999351434528393
6406,22.1113005869573
4582,22.66140208419033
10092,17.627851785040274
2885,23.314243162721347
2456,22.036377248813807
5654,17.632820889962908
4898,21.967326258232607
398,26.349905440314853
9803,21.723464138765216
7546,18.633703179321213
8079,21.08404880994772
4635,22.387929852100754
546,22.983253917107504
3033,18.07722051126216
6558,27.516705644454678
8744,20.089009162994163
6732,23.893016360380052
5135,22.769507045965792
7547,27.69267769832819
10595,22.91217713126905
3613,21.951429774684172
4152,23.20146465907871
7014,23.65807489164212
9527,19.8645310631944
5621,18.01953244421799
7573,22.784914441500728
2014,25.000394640310514
2954,16.320216290796765
5262,22.680197340454896
60,24.727151545749866
9353,25.448754195510613
10214,22.472203176602434
9917,15.854977918374798
4801,17.622731724530368
8446,17.21182241030203
7387,25.776906451806898
9690,22.08967328543679
1518,23.718288711739362
7857,23.957492305106616
11107,23.253902103146842
10034,25.525844997464866
9284,25.006898097951108
2264,16.6426008030062
10200,25.034619719180338
10446,24.27509160214725
6216,24.002751491175037
188,18.282365731964774
994,25.235649602308467
4270,23.14759481678779
891,16.68657192216308
8084,12.995464822580669
4415,25.09419815445597
417,19.305139844089172
5955,23.352766844498568
9147,24.07733508042182
9243,25.133842898738088
6596,23.14913758772907
1543,22.36024104669355
5202,15.849045210822437
3346,24.189206789075666
2793,24.80802490903451
8697,22.040264799188698
5033,23.596738390700967
10316,16.94689247196492
10785,29.01113625648127
500,26.403855282303862
2233,26.02872231056551
4334,22.385944788780822
8753,22.70956446240436
2633,22.319701793159474
1255,14.847659768803442
1499,24.39175549973748
6278,24.06721092761055
6135,23.69309836688959
7717,23.98031730854159
427,21.276060009842727
9563,22.336459348328876
585,23.7855045246414
5950,21.30932560497652
5589,21.81469501731522
5840,22.654605030349057
9061,19.226397458247085
5800,14.708811211673996
11273,22.967538776307897
10149,21.135631051113027
8067,23.78429930397023
6141,19.836536634341797
7853,24.784671705945083
4565,24.153207009198027
7645,27.957711321264018
6797,25.02328070881242
61,22.187690763914265
10886,24.29563860319813
9875,23.7230072910033
6619,23.083243646592276
1166,18.242507723467956
5383,18.565892555470274
1119,23.577854551713745
9691,21.43198901427179
5403,24.271354968668323
181,25.487086514917056
4116,22.149749846289623
8902,26.95290927707972
3146,23.856672672493644
4366,21.509700740108624
10437,26.1370481746292
3056,25.586151407024904
8456,18.285112766650528
3205,20.56600835609369
951,16.333583338266184
9806,27.296989870295324
10368,27.722759979124184
4929,22.97263195006342
9766,21.758547704489406
9322,20.67297007057201
9596,25.002182094575076
5555,18.016385335615933
5210,25.405995777715425
2949,18.88045078246206
442,23.6565814375124
9538,24.767881364600207
8380,26.912363405067154
3545,24.202923433594787
3388,24.254950003807938
8659,20.17838737026124
8679,24.02131519626414
4181,24.99268088464182
4881,26.4075121448729
7174,15.091403622845565
5884,24.259022745472617
2449,14.57633914199953
4435,25.361898754920663
1436,22.672764397730603
9970,23.072213762555137
2294,17.05689428608288
7661,22.437865192995755
10574,23.209436466164608
1896,23.459183953406264
4473,26.650618768612095
444,23.57317547901572
8041,14.630418035166906
1061,24.744053915635103
9419,22.225855107604694
6086,27.485148558387742
4215,23.873410491385368
4517,16.798897022685818
1347,22.18522566625904
8648,25.613364140513312
10190,22.4687811733925
3021,22.630372215058447
5274,17.288621361532645
1420,25.887340941367853
7932,19.88300975557654
2063,15.604296681257553
6069,17.499536919668245
1911,22.815076477410866
2869,23.48128638443789
2976,23.448016824811003
10177,23.72007090546642
9354,22.54729360253468
443,23.047536872913852
10021,19.984035526581177
4808,22.301511715082796
5428,22.343483233056503
8820,22.530575782988002
11218,26.10331139103538
9351,26.895396981401017
4239,20.548674234446267
9565,23.39765353752586
9156,24.904849017374854
9413,25.495587670492586
8947,21.699886313403518
5627,23.864130030184466
7440,26.59172263646334
3207,22.140646530963558
2980,28.031270912496307
482,25.65036482758423
11030,24.474124920970596
6541,24.70337614850026
4756,22.551854312230848
4266,19.344368049512905
10030,18.610661336529787
94,22.345570884898105
5833,24.48041920180327
7113,20.24894310349578
10832,25.30377505937104
3123,22.524873783794813
6855,23.377986032543117
5183,23.37619870570494
1562,24.16849380085297
8552,18.50774035823663
2627,17.22920745042278
3715,24.615244717167034
4967,24.35078783180294
563,22.274451279975146
4905,25.093683565525815
5295,22.06824460034755
7349,22.452036367877884
8461,22.66754192860062
4014,20.67113113244597
5545,23.547384167633833
1335,24.72195553958521
2199,24.62120285227879
2626,22.66388912511362
5540,22.541998531092013
3620,24.090557776353325
10349,25.03076615199682
10561,24.66939607654359
8082,24.72905040113426
3295,22.563064018920283
4995,25.582536276443236
4911,25.775805594643955
6731,25.315693844696572
10974,22.148993726460848
8110,22.910379499751148
3410,14.567145830321877
4070,22.40817259894079
4507,21.538483957161674
8931,21.671776983122623
9340,22.019693600624656
3574,13.525727785196077
8145,22.53307003797491
513,14.94033585130932
7882,20.67224904538748
11015,26.45834666946575
9379,21.217131914426528
4978,28.10521119161775
9325,26.24712230716011
7801,22.6029064217366
191,22.59488611841594
10782,24.702029281843462
6073,24.640353140360823
10256,23.955555547593328
2036,24.66163252680526
8157,16.82650608205232
10776,22.088069852301004
5619,23.29745258495422
1482,22.690023903808775
8676,23.50198653964724
9826,25.7371454987326
226,22.829030444412606
93,21.41945107592429
7896,24.01828033897553
10787,27.476213038559443
10175,23.14664717780428
11014,19.42391193430808
1442,27.108954094975854
8247,24.64627132871934
7706,18.206214366171846
8360,24.693336602902523
1287,15.953264749106998
1001,24.663296299024637
2367,20.67044118549851
7301,22.591343457961603
5113,24.415912190499444
1175,23.283334006652062
3149,16.0659199343195
2536,19.886768009182656
1718,22.333217268089594
953,14.092293205580125
7574,24.089141322241446
9104,23.575705288849203
8448,16.719033202229586
10141,23.703325852993174
9755,19.9821281498075
5282,24.768017958426217
1787,22.409704452687052
3708,23.202385283033404
6211,28.37693337206206
4115,28.75705529338728
100,24.258592996859946
3443,20.852085976131008
4008,17.602310872815845
1565,24.25205970504016
3381,23.24334595934862
10795,22.321060830419356
5472,21.245252723690836
9109,23.846754537797572
6129,22.42439376364101
2035,24.011666136977922
10939,20.465677473528764
2722,26.011797913824456
8412,22.79123625114149
2935,23.759951572004585
9873,23.251273705152748
892,23.199827924266643
1460,24.02538399535131
6885,27.899810859931346
10712,25.903282951762368
10319,13.780273744556512
2838,25.2537618621267
4610,21.677078248316196
10829,24.392278232359214
1868,23.54343818782604
3782,19.27180997256175
5123,23.78966992662986
4478,16.659765168674348
4607,22.56737347561075
2419,24.830410144937517
9933,26.445871472892954
9541,26.706281372343902
9504,19.394592808383695
4703,24.11616493938124
1488,23.832058772412328
10069,25.587226692431567
6661,24.705344335696022
1639,20.880996506906182
7409,24.338810796234757
2185,22.70277182060893
7285,22.57011749570772
7327,20.93604061767308
1240,14.429769253297263
4580,25.39836965061238
2772,21.94053958200438
6752,23.49084069863064
2509,22.614560999753486
6886,17.189670914929966
8667,24.049364793452106
555,25.130941266499075
5375,17.283773701900415
1810,18.228681226198688
10015,21.953793766846246
2319,26.44146016939142
2746,24.69370708629879
7879,20.140591480937452
6918,21.900495427172746
10116,24.635440692041076
5964,22.404611244308093
3171,24.70192406302127
8945,20.47294924139144
1918,22.370108861584562
7565,23.976288143950427
1252,28.56763847330873
137,24.372106814116954
6165,22.4142106682609
7354,21.905812211378375
4870,24.85125189722539
2703,22.094845833595468
6209,23.460988223656436
2539,23.963673393006694
2197,24.754540797528517
1219,16.34897231404412
4388,23.882900516431782
58,19.80643637428827
1871,23.228871639399536
5269,16.28689852770651
10370,23.67346327269021
6952,24.117997561250814
1722,24.260382042412903
2911,22.788566040381532
10643,22.552467459142626
1811,20.216267473775957
840,23.734057004356504
1922,24.238648310188296
1833,20.398326342555993
10193,19.38114116549628
1656,23.79198870481379
3531,23.469800563242973
3034,14.983689266727703
737,16.815797501878595
2764,22.42163360711606
1027,24.952093165900493
7693,24.678708888442397
9912,25.039342921263582
3737,18.59238671145024
9830,24.781621189344676
320,26.773156256082498
1422,16.056881486521355
5167,23.207240272612175
1828,21.24980301743924
2712,23.691848585062807
4496,22.690271997447248
9148,26.995175835595514
5977,20.22009266222622
3452,15.994428750850219
4559,24.98204327010383
677,23.758652075716217
3333,25.37204544368368
3527,20.30992341651915
1665,24.02279873049614
6467,24.767039347582422
653,24.413382633885863
9079,22.813480809800286
279,19.93471574882671
311,18.39883702481194
5975,22.63109674646
2671,18.499637268344905
1392,23.894544931422566
6545,24.18000527914598
2802,22.174462761552853
8749,24.994308770252363
10639,24.031970838035786
4997,23.452566335194973
8746,20.993891088540185
6769,25.40084368084302
9259,26.33728415513737
7946,16.77888763192823
11094,22.02881255898997
11320,24.968932700613095
7269,25.875019136036983
1401,22.94771560443969
8612,23.75392080980435
254,19.969725180121774
7068,24.780879379808688
1177,22.031938023848998
7207,24.28035815275971
9891,18.908894165789693
4714,24.235267778191748
7712,25.569384914455846
3593,17.127436724104214
9352,22.76679477128541
8923,24.038062294529297
7153,25.20874249563664
162,22.611476746425133
1156,23.41353566793678
77,24.680149230380334
8391,22.861232689714782
10049,23.216761403339838
6455,24.079811945374548
2370,21.968068668725685
7003,20.807223697300547
2154,25.583864565133204
719,26.87617744592712
3182,23.672657026406487
9983,22.81514915713188
6068,22.319417874988407
9275,19.143732043710603
2859,20.523074692942537
2584,23.588497413299606
10617,18.679703866640377
325,22.63252686883473
5573,22.708767324535255
9301,16.025742330380055
1016,23.56524561626106
4534,25.32555767567343
674,25.3353473474104
1308,21.97045797867715
3746,24.914843963550325
2236,19.636431753427477
4723,22.09729319286592
921,19.863083079883953
5558,25.91114915300528
8443,15.958774443564394
838,22.71906169427508
10268,24.23000433003834
2691,18.949561445944582
6495,24.284023025073875
6524,25.06576918736339
7167,25.156196632651117
1634,19.36312525338038
8274,26.56212196141963
7408,25.57552559822618
5592,23.3016630631746
3431,22.764607141380047
4625,22.61515792514371
5,20.80384824816781
1717,17.21370176361214
1706,22.958211731265333
11013,22.731588703720103
10020,25.484047408706548
6719,28.800495217086272
11319,23.859422188568555
9100,20.34759521928325
4936,16.24262894837915
6856,24.993776693261456
2229,24.122392618966938
6289,22.93469595833915
4873,24.755506248595182
7483,23.644420884667742
2872,24.192284562367558
3386,25.923904089085468
2389,18.798818530816224
2135,21.441147859551183
2634,16.548379104617318
4581,31.087827466774893
8,22.253159890436194
7543,21.026264663517424
6390,25.4701182808567
5127,23.97625202039711
4720,22.696761728493993
5771,17.90317736482689
5580,25.88700850623484
3458,24.404909635951686
9549,22.904399770259776
10425,18.163899813555158
5389,24.47105507189607
5496,29.212402584960405
8073,27.392793168484904
5676,23.686716388068234
874,20.47099298818314
1228,25.59172769905802
5582,22.330783475164484
1141,22.629196949586436
2523,22.9960905763396
10096,19.179414392720542
697,16.72494261598618
10857,22.632968744821518
9398,20.66990359646146
5936,16.67683339881073
249,23.892986464137657
10481,23.74552685242116
8587,22.542204455138016
6282,17.551491004489943
9834,14.936646977921887
5783,25.91920653054801
6364,24.01711901444735
5112,22.539543447834163
8590,22.897304259630918
1533,23.011378861481216
11001,24.631797432218455
9174,23.16246409357228
1808,25.317694436480128
1225,21.76652255978238
3137,26.645457813869125
10152,20.246623149327558
2503,17.540406912265844
3336,23.01145305193344
1341,26.264445072235294
1276,24.641147315279778
383,24.861148419401044
10173,20.22745969334735
5732,21.225734413477817
3411,22.611509012843566
1346,24.85372302329094
6400,16.523664929599498
7763,17.941672676963414
9096,23.926098194201895
1842,16.591561571231015
7261,24.741325615472807
5853,22.044243077951798
10398,24.13184646929812
5857,18.822777295769214
10850,24.451620967124995
7979,19.835302436787572
5824,19.776728862246735
8522,21.471064491387647
10213,14.445008735168827
661,25.31691640895941
488,23.148289837481276
10442,23.834488532111713
966,24.305401821698943
9288,22.808133376806644
11332,25.953956885803088
521,25.83439165571458
10255,23.967159479234788
1741,21.784031909554873
1645,24.387090249631264
9321,18.95216257519811
2396,23.295049867031615
7496,17.65781159935798
2140,22.960934073428742
8381,21.3032086495117
7855,21.165489028838703
2235,20.332187122121297
2756,17.438880940671517
8392,25.640144680720876
8416,19.374719491175494
8414,15.30690361041679
7984,16.199062417442704
6418,24.300618933821344
6267,26.654772450414807
9095,26.76312859836417
3136,23.69856313321452
4906,17.229994421878168
1836,22.591362409624203
10752,26.87676521779607
5678,19.20354400994042
9961,19.166562015183786
10407,15.608811589420359
10609,23.49597926396484
9176,23.767227628605653
4387,29.896060411652257
4245,14.837879677221396
7439,23.127260535461616
995,15.605384637947738
2019,23.686557918606173
10976,21.465662491698353
9968,23.858251393150734
8169,24.869801808009036
8718,23.746200211734653
9507,25.677181797883023
7414,15.169863754736447
2289,19.215871328040908
6578,23.394450418328848
1321,25.22574164790603
3602,22.1828384828591
11196,26.159009039280676
4080,22.021433323002746
4224,16.924319695216592
10333,25.547152504523183
2108,15.67083014511553
5998,24.994127231205212
6940,23.59131367130661
8635,15.963048637540107
8376,24.291878159544222
7522,23.869998948228698
11167,21.137949435554596
1783,22.36162020408762
3634,19.820709013471582
2576,25.481257482849838
1243,22.5223263280947
4023,23.220863939070526
6025,23.6583291869027
6518,15.70986000511776
8892,23.649158096711353
4922,16.8683439892661
36,15.478034960449644
8593,24.708249702262723
4500,25.043195197603808
2365,20.75575473752362
5866,24.316678974617645
8825,21.400985312079552
1169,15.236612478264444
9115,26.11787189346147
6419,23.854573329893583
5965,18.654717575271576
10590,22.132466210233567
4503,25.420664686868516
7002,19.225869542937144
5001,18.851070745026867
11323,22.914445115062158
1256,25.686805328043548
1229,25.825582300273958
10851,22.43730379324761
3901,18.519524470043155
6657,22.17081706434994
106,18.16414270524486
8988,24.931467489098264
8056,22.599126352282426
7426,25.180361781616334
4039,23.886790921265334
6755,26.182232574322665
9522,23.95456421574945
8181,23.30819787972967
3446,24.515730238867395
3374,18.815284663372086
4763,24.334014861216183
4370,23.919657097761352
10456,24.259636502422335
1797,24.27722198861125
10444,18.076367383584476
1644,22.994273108296753
9363,25.01880954432592
4901,17.56201918231769
4049,18.662137322645034
6446,26.2190486455904
9146,14.233928127128031
5696,22.13502181108761
809,16.80647031223946
458,15.853410915897008
4562,23.0975206054989
8580,16.55168306651456
11020,22.14225311317647
6486,22.015449906089383
7996,24.288944311985087
6103,23.06181707048303
9754,23.092660514315238
10789,23.92849217413861
8433,24.92826242273819
5963,24.870764035317237
10212,23.232269876984102
2654,24.58284259422206
9555,24.69177866109719
5085,22.96133993920482
728,22.505917081356415
4087,21.734053387231338
10571,22.862959184499786
3082,22.229042785317283
1532,15.129408599919648
389,24.830737164219528
6986,25.37136040251472
2030,21.35205194360096
13,19.829360247157133
3748,23.6222412677972
4488,21.862733000426882
4159,16.545532926238415
7457,18.58070322117006
4149,17.932694071732907
2321,23.539614526321238
4226,22.016837293335534
196,20.062024927168594
1946,24.370523764292592
10458,21.89534506512604
7925,23.409788061592465
3344,19.84648533351368
3299,14.739626911496568
5485,21.66745265863631
3226,21.75891036348269
10949,14.537288548291398
4257,26.07523488398439
10107,19.370134485902046
3788,23.61700895379788
751,15.909350396068259
3126,22.072111504978217
291,20.095937300073107
7389,20.887861976435303
7910,26.642946098140197
8485,17.013257138219963
10938,22.37513747843838
5944,23.421702891013197
437,22.384564408413745
7019,23.676190387453563
3213,23.963531786110835
4361,21.179779468790215
10074,22.717009942835883
1663,22.86539332999777
10737,17.40099728709039
7524,21.270218680149714
6888,23.242404710513338
2163,16.460679672012983
8212,27.647223046975597
11325,23.85637389514592
1945,15.923739564409331
8198,16.52654878171134
9905,19.1259929199355
7856,26.682463595166787
4141,25.923253997438678
6543,15.959629911156355
1073,26.991684768424715
1708,25.66591163291188
10372,25.934534247673433
9829,22.59520089379463
4988,18.647324052958858
8293,25.362017039285384
11304,22.782479071547318
8794,20.682238199706543
1838,23.65919180346755
7105,21.912382167919233
425,23.99262378472819
10717,22.19689991152219
3838,23.26934095464964
11264,23.57929624887082
7624,23.09042041358339
8213,23.25376221940712
2610,22.032028014006134
433,17.659207639637703
7350,25.19254832226799
7686,24.174141473052053
5506,24.259774800135837
1580,24.45590633930645
2340,23.448891997903637
8439,25.51792292753744
8007,25.462657106174248
2551,24.55664345519725
6444,22.07310213381497
2326,23.30236441129507
5626,21.66801749263926
10882,22.760937663882054
3307,20.27694799725089
7662,23.265172402951016
6601,17.46672043803626
218,22.51929117564305
7485,24.20699810816736
10053,22.615242594934465
3870,24.86875005691694
522,22.3022494334588
6409,24.2845649554074
3929,24.687008006256864
4762,23.647259666657916
9226,27.109392250583696
5733,14.952474879713385
5087,22.15605909092756
10389,24.513167998680352
9660,24.78901678971792
10698,21.807415020673243
1423,25.12049204504224
4601,24.264794178434794
4541,22.67803967992153
6715,25.292449737533467
4957,24.45405019080969
6630,23.717926660437012
5333,21.645788090263444
8206,23.44539526643076
2213,27.236397147124546
6829,23.69942046505475
6344,24.684119327166492
5522,23.528129784420422
10167,23.61330610342892
338,19.62360503904405
1296,23.897648590851293
699,22.571419784683986
3905,21.879036661515475
2893,27.70530916528804
768,25.151312646134425
5560,22.70216411932579
4803,15.881508885350105
167,27.71027541205682
9361,25.628948981934062
11089,26.673708272620328
3347,19.37698060926762
10864,25.187653313538238
4538,23.422694388467974
8105,24.813216818085717
8111,26.637539413818516
8287,25.502206535315278
1295,19.07720443297778
374,28.846157577033367
5198,22.87341765648481
4734,22.22531832523215
11043,20.83363883329394
4885,25.110325870555858
5215,16.526358438301592
7337,22.450652386459602
5893,22.867985827829422
6307,23.504078930364255
3890,24.35107845064968
5260,18.36093781973254
5806,24.709264144849577
75,22.969539106354194
430,25.606072220211487
7924,16.97722793000616
5556,26.824395398149463
4166,16.849423790864314
6853,24.460104735485192
5329,23.615749868248773
5849,22.592860205587286
4924,22.641764030935764
4143,22.910963046803158
475,15.581806419640724
6322,24.679658054494
10898,23.46888041810224
10749,23.556397847964664
7384,21.560272883832944
10702,23.974797783801023
10523,15.472604969549108
7886,17.81355178591262
2611,23.88177651079806
8730,22.39319233444127
6720,25.051422498799898
6260,22.769409529895153
1318,23.978264183702144
10408,23.21633287573151
3495,15.258186305411138
8682,22.730886615394965
8934,23.075189308378928
3210,20.08455034410131
7377,23.1237194418547
11045,24.707181696199065
1516,25.31470859868193
5869,19.461539803962097
3889,23.44823617756758
7421,17.384113689494715
3555,23.03002461174905
1687,22.34797626985632
1777,17.801595953409624
4897,24.118420413733453
3673,21.92836497898294
6275,22.6980708164623
4209,24.941732474021236
9407,17.30366874451175
6625,26.263782042743696
2945,28.97107340471913
947,23.57555219819881
2840,20.3953100205211
745,23.22360109925528
6134,29.498652293795086
9789,20.038193798717
3865,17.308450349368837
7848,20.968380956708184
5039,24.005460193731107
4935,21.77033347814539
5644,17.693404208520178
7663,19.080103340774336
730,25.875639672296725
3379,25.718502701473422
2324,23.007217105945323
2622,22.330379745568496
3434,25.689504172471388
8559,22.600991796656412
6451,25.55597147399196
3500,20.755045804804105
9909,15.68711156225444
1650,24.168856368708735
4207,24.031955575295132
2517,25.609347579390068
10270,24.32274709091058
3107,24.56590700211421
1731,16.69998274280874
2979,21.763873242888447
7920,25.904671396270455
5850,22.14471525318605
4038,24.114663877439654
3048,24.812862709327348
2344,21.22276184564105
8860,23.819025242004667
6106,23.577586159641196
7236,24.41851703076175
6643,25.321914482126473
919,23.544621265207795
5494,14.896443871993462
5635,19.309275688742808
3105,21.050026046854647
811,18.397859324853382
11286,26.117736664368145
5114,22.65311003503413
1490,16.712360017485224
10891,22.247826398021576
3435,23.948522503288345
9590,23.218386206300437
6749,26.908406857261028
5371,21.514202505407724
7051,28.431583674601026
855,18.732911941945925
1941,22.069915448661018
7407,24.49488571430952
9877,21.463982134559686
10750,24.377378075152084
2097,21.909221603058505
556,18.872338621786515
2581,12.93607939268117
5513,14.44913770622339
9476,27.196801816755116
6361,22.864874226033518
2990,25.775133160634145
407,17.708066753600335
3544,23.790021489938475
6272,24.84755393185347
10424,21.01456533601256
1593,23.202881917005808
2067,22.462263484849927
7704,22.115880175765902
4346,21.896876162675362
5285,25.087271994549027
2524,17.82595323115288
1540,24.93041472596126
1719,25.230678536318145
10077,25.04379669063535
6318,23.245397602843692
8588,24.73677970079425
4362,26.050818835908448
8226,20.77104445936392
9416,19.391084937274393
11075,23.93210080381401
4186,16.027902729743772
4729,27.698985052838708
3997,15.693870132844145
4076,27.339311722438033
8259,22.845964904317608
8049,23.143843048811256
2491,24.84139933704457
10865,25.419798596255273
5686,18.340314302741852
4974,16.422290408391
5815,14.850977607942053
9184,22.68701535669784
3863,20.969651341906143
2167,24.290476944812404
148,24.784398295239836
2508,18.42414101453
3966,21.535392997554354
7859,25.559464899475177
5868,26.207395140545103
3329,23.02001158767318
4981,25.64411357567824
4683,23.94215783091124
767,20.67969058649333
8915,23.860742632969686
3843,23.457226891359245
4009,22.934869786426383
913,16.103907581181737
454,23.067238603143377
9792,19.14574252148637
5286,19.276736716489317
9338,17.665268791932455
4913,24.78717369981544
1179,22.262777317574834
6237,24.102399976417047
755,22.566713059343655
331,23.854146030160354
3057,16.917746245186848
2345,19.498816779832712
6004,17.600815152017923
1094,13.988239918160591
10889,22.667000974424923
6337,22.1644037917587
5679,25.41164074049357
7928,22.246734027834336
4821,23.35667419363706
3689,18.54566050089632
4458,23.99309885334561
10356,24.4014202300218
4811,22.0766907659697
2737,24.30362913995045
881,16.9104706890382
8524,24.269564474200433
432,24.866753002548823
5811,22.640068204551458
578,16.141663983163212
2741,26.346644847716334
9542,23.214264341780286
1560,24.798325176092074
9323,18.38113833041779
3304,24.613792544954986
7644,19.013036556545018
3402,22.621306893796486
7012,17.093772631410175
10290,20.836843308576082
10455,14.849860241862505
2664,14.481002662891665
2898,25.92092414047501
6598,25.799977324213675
7785,25.03349314931377
11109,20.095465615378682
10037,18.839497943248947
10273,22.149331255470006
950,14.583474828089813
4229,25.570782759306358
1089,24.431340386087218
3008,15.88220508021843
4770,20.59996825563845
7196,19.644837945912425
3478,24.15967476586921
10262,21.92895861969472
11228,21.298162797502705
3873,22.885850785366916
5647,25.872562221714652
11177,18.514519031231085
9178,26.553940933782197
4061,23.25457333618098
5322,15.586914095929687
3395,24.39293843404299
1940,18.542102813581824
10353,17.618259408878565
8301,25.215308988515584
5058,22.56763507043143
5734,25.060139382508773
7689,17.491442294691957
4173,22.51857191074108
5243,25.04335806110472
1507,18.74476551755941
3133,17.586387194671264
4349,25.305787020600963
8081,21.324989479832706
9310,22.520918463120882
8829,22.47074601753874
4674,16.40164591045721
5590,22.01000330880653
2323,22.67402086560277
9624,20.879600014677234
8844,20.081125959017623
5959,20.40074471461926
10885,25.927599401294017
207,20.459658258591038
8605,14.567791787280525
3957,23.453248790660176
4659,21.707111762260247
7111,22.558576765558147
2527,24.225220551960682
6917,24.508271728048953
2251,25.405936863995542
273,24.50859576471415
2171,23.19113501939669
7647,23.828842021705388
591,22.808775999725267
2835,23.14348986401871
7711,23.1952584066171
5050,15.822291963623726
6569,26.712407219923605
2094,21.95026926185079
9177,16.919649193520982
9669,14.794588559401243
5543,24.214652117724714
4197,24.78648794609147
2909,25.43402303381996
7432,24.495288348228296
464,24.707668204449455
3321,25.709193690519033
6357,16.05640397626306
9239,27.007167063428998
1960,22.706846717724357
2665,14.078049714587683
1328,26.635215817065856
2222,19.779707817962194
9144,24.730659645736388
5952,19.32088607095337
6021,23.962052359127274
10016,23.985917770075694
2058,22.82028847218164
10760,23.67986007953311
8671,24.449080236661022
9295,27.67899819205573
5307,25.894948692366576
6171,14.513622870622276
4701,23.7716105292017
5200,22.371164757404962
4377,25.05522133865294
2819,21.70454886594519
9551,14.439499772214425
4757,19.99133021421173
6902,22.159214498914565
9234,17.541530507926336
4779,24.83028686860916
5032,25.426546003234098
9726,24.0374694721321
2341,26.78715616775883
4715,23.353449564079437
5281,24.088060104027385
856,21.079046332875542
3677,24.792694540089716
2836,24.203057924552205
3974,14.868228926808166
8483,13.837453161557837
307,21.814411343103014
6372,23.73108823968424
8863,24.973898974979416
10797,22.86814260427893
11159,18.986888007797976
8501,17.403131376352572
4288,18.730028505801386
3693,25.28936431920645
6152,24.06143223300937
5163,16.881538786123034
5999,23.587508516149637
10524,26.64497225360185
8870,27.356548620575527
4786,22.51046864609436
7081,15.980553540279784
6584,18.844098878145985
1669,19.780740678249984
7837,21.67368812143267
10060,22.37217032067041
647,23.991000578730997
8092,26.548344841546946
1476,25.143575873603286
4595,26.18479670756671
3285,22.644288415271898
4583,25.593156197590446
7973,22.644926082730354
7638,25.221975036429427
5432,21.647522378217943
10662,24.393395521831465
6425,27.441372854110988
2724,24.721538364922093
3910,23.304917164740495
10814,22.13579309813429
6967,16.819584237037354
7429,23.66081452848995
10473,19.94046524477618
11038,23.281303705797985
9110,21.59086357067571
6727,17.43376181194239
5009,15.251334557790933
5007,24.15816904032718
6656,21.47050778539302
6109,21.810286428146142
2043,24.74585108773903
4977,23.363994068626617
1327,23.384582612413425
715,23.8747373709323
10038,27.075517028201816
9000,24.522091661326186
1086,15.007511869727923
8050,23.230715991194096
1457,22.441357500176764
2759,19.32429104371952
4119,25.52088070134697
10674,21.314692908048087
5827,23.391130924792343
1822,22.345827969375563
6168,18.516676079426546
4660,14.783892217897113
6447,24.406072123161977
4465,15.587066386142626
3766,15.344129983239451
8647,18.903832961729417
2189,23.177715887432118
10392,22.54968796940545
8628,23.914692830704194
10719,23.253045758491133
5276,27.441995573113196
9222,22.78325011748591
10826,22.860340940776215
8858,24.60257837262054
1860,12.94019430212185
9402,23.938278028560944
5450,25.500326631227004
2004,19.427401209892142
4604,21.40411928465162
640,24.17543109476755
10106,20.64413125488039
506,18.902220623619545
2647,23.384443104450025
6036,24.586567729260796
2260,22.49746094157444
7621,22.711134822810564
10103,24.02245839615992
9268,24.374734636112652
8133,25.536882405015813
10606,18.60720879360998
8254,18.242046000041924
7702,23.77985320847935
6367,17.75682401182876
123,24.89682075317663
7552,23.411224766650186
3051,19.534285738613416
5872,21.378114407154502
6484,19.823670959183772
1997,23.115965234639315
7312,15.5287957869633
7824,15.02460654777581
6976,22.066588657495544
7792,26.073402417316764
1391,23.61474873732034
2356,23.01617228877433
4227,24.643883034883878
599,24.802214627562567
5503,24.258208463258352
9623,23.65065500588719
6686,23.45079991605735
1085,26.108507671823034
2122,26.866697495656922
5741,25.502895481961577
6754,14.96962521201576
6290,14.084752803520523
9530,22.00744653523469
621,20.18235819991303
2243,23.423448524513518
1394,17.553488473149137
6414,21.85744298938018
10463,23.543721874586158
9692,20.366121834613278
1261,19.18741959887582
9715,24.61410418787162
4501,15.662695581684504
837,23.617906910749255
695,23.095136942387057
5942,17.773084329580232
10279,16.02375683286891
10873,23.741081021955974
6526,26.651071417708632
4688,24.70438678813208
8242,17.236642959123753
5099,24.651388298429445
4692,22.65028671455814
8637,23.12379553411101
1619,24.55336032075331
7456,22.68145147842859
8793,17.000703041071848
2705,19.2005732643845
364,24.61431340142751
9113,25.097595485829885
8980,20.233284900702028
10320,24.582853819382102
2795,15.601625913658966
5446,22.49004625302436
7000,18.369913979730445
6696,21.600571215861954
1723,21.663240489100726
8397,17.676304673041088
1771,22.40958554369322
3599,24.5196147818713
11046,25.56364062269959
2032,16.979600659419507
3617,24.629400534926454
6914,22.534441637593595
2526,22.947616758512094
7989,22.678770358595674
4639,25.105316066357613
3179,25.29292727809946
6402,25.597050945202827
5095,16.914724552809165
3530,22.412361139194434
9449,22.67286757452446
6104,19.637700757344827
1101,20.121954821792897
11200,21.418402017462732
9735,19.89567262714764
6738,25.867165456183198
4637,28.78115965001993
3253,24.04758869027721
10460,23.866975588798937
4091,24.367025774122546
11142,24.801061319572035
5659,18.917119548924944
8054,23.98185428848502
4829,24.190771264164713
7247,25.35474093582083
7430,23.614571150921744
7367,24.186802717605218
9287,15.615899694045751
2630,23.281889909959105
9788,20.999667644014853
5091,24.72741800152003
7939,24.150379836668343
906,14.988991363180006
5810,23.447943985540373
8976,21.41235953101278
2471,22.798723366229968
7034,24.27387051663082
3860,24.445365472692814
5855,18.22023191215771
2894,23.367721585969505
8816,26.53323868593823
7423,18.70546141784134
2518,19.11219418604726
4281,22.1185778310059
7529,19.712526646151698
1556,15.124251071727763
9086,25.53529425763455
11069,21.255033443409296
9127,18.296064862427
6012,22.057548274624015
5298,27.70292669290174
6957,21.878951466856602
525,24.701949622477223
2566,25.461719243428753
5700,25.887333594994722
10601,19.713139532346
9547,22.96820964691909
3902,23.959041096186215
7556,23.00460117780569
6326,16.975561899245584
1989,23.721963129112037
1164,25.91229919262654
7914,25.307050254382034
1763,24.60274257072098
5144,15.79712890602862
4295,22.63535841784283
11016,25.543363009019973
1664,26.51905106461049
10113,22.538349241500658
4944,23.54405706064789
3451,25.683757868209558
4573,23.28957700279534
5175,23.333961400780435
7138,24.972888026426432
1395,24.985037682782426
8106,24.10604887653281
1034,15.575250487224837
2477,27.85854871260489
4624,25.59356229407459
11028,16.153838845398585
10474,24.212401461777407
8309,18.49992668509445
5949,15.00245611158862
10085,17.35785727311434
4994,24.92404337319028
4273,25.836593716093592
3740,29.834960249747468
912,22.31390540442878
3148,24.82346567932711
8014,25.004491875283197
4059,20.733631393506467
9318,22.565031291317418
8781,25.97700071631415
3343,24.691213383887156
11072,20.76946572072944
5504,24.886785498116115
6546,20.94574837664802
5552,14.8240595160319
574,22.140978543554798
2709,30.487831449368674
10881,15.985729930468715
2706,27.765437297896128
10632,21.90868782251961
54,21.863587076648802
8465,23.773435828749744
778,21.96819426437615
3482,21.88658653811766
4081,15.796012086306087
3769,27.48892696964226
395,23.940547298572064
1250,23.7583381623417
6737,25.661829206999904
10418,22.62955529046912
9341,22.992837335906685
5862,27.7547670993369
117,21.990282645782546
5312,14.464794340913661
8913,24.57719685555475
10373,22.45705858036
8205,17.397241528727506
10852,22.10446966692597
10380,23.41874268781654
902,22.381338904082494
4211,21.90530048069571
4515,24.604607735582558
1484,24.6295603660126
10818,25.86361509709933
7578,22.645978241077763
6529,19.962619183210226
8399,20.784382853070056
9121,22.38195696647436
2121,19.475028777823308
1762,25.28580430240598
9749,23.357803255937583
8937,22.183506360764095
4393,17.982434735647487
7417,19.91799543886025
3261,17.785306476757647
8807,23.807692241259062
5178,24.75782890250503
5165,23.21329617283313
1320,24.717417185009232
11002,24.244934946122697
9572,24.676961007075533
10920,21.99551159000923
7997,15.712213018840817
2180,15.108167301443983
5662,15.983562272525603
11076,17.304432016153285
1962,25.88126197621005
6091,24.94227491667881
2900,25.41572652609691
2221,16.965295860060355
6174,22.270114101980575
1106,15.633986968523196
5731,24.83522610762724
5241,20.69590692595092
3874,17.077325850911894
3554,22.46125324597572
8127,25.46792812817404
7849,24.588065882775158
6011,21.731929201055472
85,23.51771669277741
10179,25.614551695185895
10653,22.645597708639034
1143,15.069513121306318
2810,25.08799261001186
1019,24.186973695399356
1553,26.102840493609992
462,21.72959325706223
9703,22.56825593508073
10836,24.95030637948249
2555,23.939126050698093
1302,26.26974234426286
4746,23.981164718527094
4702,24.385667815809008
9913,20.22643191591771
5440,22.110916149996015
7092,25.116654247733177
7877,23.97980937650515
9038,15.284518191838265
7680,25.85599006828943
1933,22.13207603392215
7695,23.329564900354256
6942,30.343382873863632
9795,25.966980433296225
6427,24.33633490878102
3513,24.551903375825674
10025,28.384336799574648
6927,24.496900923732714
8994,15.07911839100243
8246,19.87638265204071
3012,22.30888613122041
666,17.147158269428715
99,23.628659055803677
3635,21.28511084439119
10426,23.17413180704524
8029,23.56744626642001
1342,23.24479277261723
10858,19.91836842237239
6113,23.263391561581003
10165,22.54215678763782
8116,24.5688905019358
703,19.058367130424745
5825,27.406644868340642
5760,21.8948078393315
6931,26.1367960939941
519,19.278993537506206
11296,15.275326299469759
95,25.58315641955711
5755,22.918265140307494
4200,18.017625307276543
9539,15.68729314849716
1642,19.963108819731268
9511,23.638924054162516
9329,21.740178851329446
9988,20.71423981177694
9536,20.673482063573346
2015,22.454252883993387
9040,22.406512271343114
5607,21.164419161797767
9860,23.641413869052936
8148,22.696162936559553
8460,18.841517670922094
7845,22.06622306394197
6130,25.635483741973534
1445,22.834236528671628
130,22.94163488999469
560,19.677744455369474
9349,21.76043222906532
5385,25.568246521053837
10486,19.064023211099162
735,16.664719114441763
9856,25.803032404387636
9902,23.789986821190144
3806,24.966086192098558
3674,24.473390214279654
10347,20.347624458718162
2985,23.458810668300526
2905,16.138490645666153
11060,23.091808670419194
5750,19.566788438045375
9320,23.645402259057605
20,21.574512182512443
8953,23.220168076947115
9634,20.47814557736755
7252,22.2332032444728
9078,24.49076501384212
347,16.62908480271474
10822,24.155966205850262
1108,16.761706308111737
9910,17.65004821514937
2194,14.78066989369573
1705,19.589806208913846
6718,20.22559432702717
1625,23.60255828575147
5992,22.659206069272905
8666,16.21197636535277
520,24.977168372759873
5382,19.714662775884577
8943,22.380562023522838
8059,23.43178222603558
7366,23.369643920490095
7533,22.404396965224638
5657,21.222406469361093
10244,24.208780744407342
1606,16.49700292301104
1178,20.702549980640253
8925,24.53474728462545
10237,16.123129726437824
3994,14.23930365635206
4002,24.574881039285234
4233,24.739020731985065
10024,25.638293310495957
3067,17.364392688545433
7005,22.06156985018108
4863,14.362383990944133
9816,23.459183407460056
2767,18.387667736527302
2276,22.81249273176695
3353,15.091316425746221
764,24.00898483758275
6162,24.05456493308021
295,23.916928364660567
9545,22.502884010321804
1993,19.959481837536057
7470,15.469963194311887
7076,25.257092345632763
3181,26.01166038953762
357,17.587972577865056
10371,23.19712661094577
7634,24.88887370509258
4827,19.62515367043291
1587,24.671277232926236
496,25.19972123256418
6285,19.044057893596573
8530,23.6517851425312
3581,23.299010136141383
2910,24.72530805632916
5915,24.028347946893994
9022,25.557753727034097
1188,14.937918180892302
7741,22.591889849974468
10295,26.809386200148346
5978,22.327844950151015
502,19.80998232331909
8304,23.53931243702551
7078,25.080659042614116
7468,24.26764562327659
4839,24.117505386874214
7255,25.76715167140318
1514,23.782067429999582
7998,26.192696034160203
5492,18.915492871874637
1603,25.472388170352847
451,23.46200101278634
11254,22.469373063986705
614,18.203553486723234
7779,15.467350667448647
10494,23.86084701670217
9820,24.606478666850492
3216,23.789293450638763
8812,15.902316052913738
8946,23.44057308343068
4946,24.951068890517593
5237,22.55304526554478
2357,22.7756987429759
4017,23.460172142539232
8620,21.5547760532043
2415,21.921531585884622
1968,23.49139431871026
8806,22.776853216532462
6219,23.508148195871446
2469,23.849919417767875
4174,22.327814070767133
10363,23.18832174704078
9417,27.47485259786733
10896,25.75906677993505
7043,23.08546370905428
4179,25.886230251567177
10835,17.028773401479025
6159,25.49716038881751
3848,23.206405297311345
10041,19.289886069453445
3853,23.88802591395037
8589,23.09959069533976
8921,23.486202133177873
9727,17.21054559449722
1649,22.588531399196455
9034,25.16676500364714
4097,23.796110118849708
1070,25.607018434893213
7336,23.31133555153665
4102,17.07797554314651
5551,24.33777547223193
10318,22.80974379000453
292,19.742962201791244
7368,21.487696092803667
9825,19.021461244167902
4140,25.375811214090266
10704,23.03355274330297
6150,24.804657571050836
2930,20.946839955613015
7811,22.49173804084583
10307,24.133045308628116
2677,21.12348825054206
8703,21.95231620521898
9313,24.183200842788334
2944,22.390342235589795
258,23.505102457790404
8709,23.550689950785443
10471,22.68356485677953
7664,23.98590090206413
1454,22.445876791442643
5189,24.09295164628788
10393,22.764976227816348
2675,23.647754337048454
9719,26.407795515984276
8772,26.015495775221815
3010,18.831010454207384
9949,23.472435505719208
3449,23.505761386456335
6735,14.018359580311994
5484,19.27159065851976
8088,20.34313092962725
9481,22.27639356330839
10812,14.379512951982772
6951,23.890715211783704
9600,18.69665694883104
1110,22.46819450247574
7437,19.379273696016075
10526,22.40509762250081
10070,26.399463226443427
8663,25.462657106174248
7957,22.531571266013415
2877,23.478451796626732
3283,17.768709933482793
10516,22.937505152908216
9967,15.405701577627378
4260,23.2414970043137
5103,23.748757221609615
9916,24.312427569171696
3632,26.08974675866786
1200,25.00170885634138
3106,20.87604685730503
7144,24.056170457188614
8223,22.1806019696183
1298,23.799443627454384
8572,22.99779986701364
1544,17.898183723322337
5220,24.98042874043672
2929,17.16947859097991
2804,27.46564745345156
5369,22.16493359646432
5639,21.676469785987333
10560,23.220539038980107
7130,16.549886978750223
10459,22.365852341107697
10271,26.297795471635535
9062,22.950751682180112
3161,16.106446405796554
3187,23.431378314068365
7450,23.415838786050884
3643,15.121530914731313
11026,24.96739349675584
6636,17.49203856977398
4552,25.126251349780706
6046,24.674330769598914
9421,25.51547297039499
7927,22.58899583753714
1223,23.624002023630137
9862,23.35669376734395
8762,16.313624908901115
8357,23.642814011685854
4661,25.391582246996833
5775,15.870664750853035
2270,23.236045844017735
7157,23.756572108843415
5049,23.044125682504937
3861,28.630900583219237
1134,24.312636591744372
8044,22.16129520664239
2946,24.375278155703295
680,17.377714911506263
8851,23.603190495822542
552,23.559670278857382
9846,16.595651090560228
3099,24.44792390267704
10406,19.91859297924731
8468,29.663815459668108
2203,23.269153804692007
6450,23.494851868566176
5068,23.717830878278754
1964,22.112089859663858
285,23.39415466180321
5787,23.53987219207365
3043,27.209784172052945
9608,23.86903140904393
7872,22.66552100969273
6343,20.41405052650602
1550,22.633539432251872
2736,18.653839212525718
4875,15.510065963807428
2738,23.86995521856792
7059,18.100065401268957
255,21.872729959231247
9428,25.245754058892047
1629,17.69559899142633
10588,26.485658214900113
638,22.79867397238815
11175,23.570688862979168
6438,23.338247400063995
4753,23.984884864388288
7569,17.81591763357168
5162,21.6577671961022
84,24.754120614084623
4939,21.03657438623595
8922,25.815865060042764
5888,23.206339176082988
2587,27.25230680825517
6453,23.972974484782142
5954,19.520334809448325
9403,24.54758352429241
812,22.177659347840596
2399,26.620824443229193
1739,18.87042467039499
11262,25.166339183756204
8402,23.706554131178518
4423,18.150777841023928
738,25.930731867754183
5447,24.664051236407623
1425,23.373260621970307
8843,23.26531045216585
10988,24.807495940498846
4931,22.80339935222167
740,16.05409537724112
1294,22.63961942191925
10925,18.087553592291307
7237,23.007649954047928
9757,24.943722723106603
1909,26.081922270037754
6074,22.398336595097724
7572,20.943684489114915
6815,26.049962659491456
1728,26.61399071907809
6164,25.22584752945158
6382,18.03367829362596
7259,23.45237255178643
8664,22.21268965717305
9207,19.893838066133252
5231,22.091715431002605
9058,24.454549233762574
6827,24.079899294890403
334,19.891219261629494
266,26.422681957996897
11221,19.61497099616616
6175,29.005224486225984
7399,24.95886591675039
4877,23.221580477008555
3953,23.856515275893933
11324,30.45234228100648
5034,15.704484891087663
887,26.50708170410842
7945,22.93237381839339
5793,27.31414802726899
604,24.772355150609304
5300,23.887791228345307
5691,22.221621770049815
3422,25.463759536069755
9654,22.103978847150042
5789,25.864187936488435
1121,18.005212228241056
4830,18.925057510845033
3525,26.742286387292026
7922,24.672169896637097
10304,25.002657553920958
8795,20.779409703423
2381,22.28005588653221
11146,22.293641328417515
3072,24.355293185003866
909,21.633007977561334
6373,18.525127642561703
6463,22.694945489704267
7161,23.84456594299728
7292,24.205548749514474
10305,15.318105302988997
5479,22.740962553012476
9422,22.267825588391258
8759,25.918648671251947
4127,23.50784746770398
6358,30.00082518288241
8611,20.09112032021682
9848,15.697184150527882
1486,22.096021302937665
7878,18.827306833684784
9326,28.855978630054736
518,23.847393632842667
1578,16.36292429407982
4442,23.241699188563643
2607,19.10149520615173
3507,15.244965320522478
5218,22.259659108381666
11185,26.63878398354831
9702,17.6063848527894
3117,21.537633235212287
6742,19.485115352413395
267,15.6988306350167
2775,26.991189634628892
8137,24.521048650549076
1387,28.747217963145086
10880,22.210923175634505
596,24.809802115902524
4175,24.514640426283158
5266,22.95342441131553
7410,28.013122104537814
7213,25.120572456459442
600,22.563482839172572
1888,19.252273201744476
1105,17.304683095423723
7392,25.0912029061914
1877,21.53181511086948
6588,24.389460921143247
6980,24.134957826659043
5881,26.905949711116474
3231,23.97829146942101
10762,25.83170453282726
3349,22.419375909861365
2968,22.300623608066527
10178,22.253551929313126
9198,22.676528029112713
9012,13.047327893903075
5694,23.663818018947897
2670,24.587070819356477
849,19.850049252446038
10322,23.99960050137979
3907,22.55228157849652
8459,18.52885778188741
2726,17.22185492917566
8497,23.335802707493205
1646,21.40441264168172
3562,23.373855015067253
3892,16.1171723547373
5871,18.809424576091242
8910,30.466329818506498
9409,17.949368404223
7135,18.778649359231835
9842,22.686961767410864
10083,25.703512501838485
4671,20.539930611026048
9343,22.16578758628766
630,23.854148523931844
9441,22.034397707352323
6898,23.442774740085206
7970,23.13877489151657
1315,25.562884795472396
9783,29.604705287638986
2651,23.259883931430444
6821,20.88866870894471
9401,25.529971816159915
70,27.76049002664628
4987,20.944726604976825
6426,21.346230571486835
3094,25.05569881415093
253,23.48512324828141
4950,24.894237072698967
2844,22.97329998092999
3200,22.571596716644002
10401,24.335755158400094
9160,26.17389532205493
8607,15.374059808470554
10866,23.88359141796768
8705,17.5936990344289
11135,15.245824003505051
8375,13.779631171206175
4276,22.780191990727317
10525,15.217129109831824
2899,22.84097025775158
8407,24.996007760333946
5624,25.625791062526286
1421,22.33116630397343
959,25.478441915675
3837,23.864841133970835
4509,19.86880948512485
10018,19.124369872938342
10039,16.923073331315585
8214,24.467808707685872
3429,25.929942891859806
9512,21.464009731869716
10153,25.283830107028976
6280,23.67307415024525
1343,14.498144706014859
10283,24.81631113450511
1416,23.3980656007468
9951,23.985811199982795
3559,23.856956449437185
5018,18.883874147162988
5982,13.778421655747708
9768,24.023667115123622
402,20.77454095507029
6405,24.229430223286126
564,22.594371047148712
8752,22.545459554706895
10860,25.406079862251907
3501,22.611904648747313
1876,23.313515714250485
1176,22.950480226505988
9267,24.285671331194965
8065,23.010271877853683
8389,22.27594042613084
10429,27.718765413720934
582,23.442362556561637
3815,27.383673696089435
7339,25.512707961308216
9049,18.637545018502532
8058,25.524328891354358
4144,17.911662564446807
848,19.888360341581958
10919,22.844659977935024
7086,19.18294139749943
10195,22.324551947523034
2187,21.00958444854539
10845,23.884667536937616
4126,16.716691651289587
3595,18.653389867000055
10267,24.496087759702924
10569,16.337893123697707
4396,17.606553356208618
